,Cas13 protein name,PDB file name,Tool,Protein name,RNA name,Top n rank from HDOCK,Receptor_X,Receptor_Y,Receptor_Z,Ligand_X,Ligand_Y,Ligand_Z,Ligand_start_X,Ligand_start_Y,Ligand_start_Z,Ligand_end_X,Ligand_end_Y,Ligand_end_Z,K-means cluster number,Distance to GT
126,Cas13d,RNAC_6e9evsHF545617_4_1_2.pdb,RNAComposer,6e9e,HF545617_4_1,2,101.77324,95.25786,102.31296,119.27996,108.08931,89.0384,88.462,116.75352,99.66315,93.24437,99.46849,88.27177,0,12.95706337
203,Cas13d,RNAC_6e9evsHF545617_4_2_3.pdb,RNAComposer,6e9e,HF545617_4_2,3,101.77324,95.25786,102.31296,119.38935,107.67069,88.55979,89.358505,117.43144,100.0858,93.12057,99.75593,88.6065,0,13.08040796
3,Cas13d,RNAC_6e9evsHF545617_4_3_1.pdb,RNAComposer,6e9e,HF545617_4_3,1,101.77324,95.25786,102.31296,119.45852,108.358894,88.73019,88.85555,117.29827,99.144775,92.67553,99.902084,88.5738,0,13.31119779
170,Cas13d,Rose_6e9evsHF545617_4_2_8.pdb,Rosetta,6e9e,HF545617_4_2,8,101.77324,95.25786,102.31296,120.39931,109.64634,86.984634,144.20201,120.503586,88.64251,137.61191,126.458206,93.011,0,15.25398542
43,Cas13d,Rose_6e9evsHF545617_4_4_5.pdb,Rosetta,6e9e,HF545617_4_4,5,101.77324,95.25786,102.31296,119.969,111.92424,88.38773,108.99353,91.813095,86.50014,99.76808,98.63469,90.407,8,15.46393257
219,Cas13d,Rose_6e9evsHF545617_4_1_5.pdb,Rosetta,6e9e,HF545617_4_1,5,101.77324,95.25786,102.31296,122.35036,108.206474,87.42782,141.87949,115.03214,81.94406,146.42336,113.9027,91.6182,0,16.2660515
185,Cas13d,RNAC_6e9evsHF545617_4_2_6.pdb,RNAComposer,6e9e,HF545617_4_2,6,101.77324,95.25786,102.31296,122.16126,110.88683,90.407524,89.21409,113.153435,96.67769,98.74535,97.33851,85.8425,8,16.27946956
19,Cas13d,RNAC_6e9evsHF545617_4_1_3.pdb,RNAComposer,6e9e,HF545617_4_1,3,101.77324,95.25786,102.31296,122.88253,110.156425,90.56261,89.702,113.37807,95.696976,99.189606,97.19682,85.719,8,16.58770032
55,Cas13d,Rose_6e9evsHF545617_4_1_7.pdb,Rosetta,6e9e,HF545617_4_1,7,101.77324,95.25786,102.31296,123.169174,107.89721,88.08783,107.15521,94.33313,83.889206,101.559586,96.089226,92.8956,0,16.70007455
315,Cas13d,Rose_6e9evsHF545617_4_4_3.pdb,Rosetta,6e9e,HF545617_4_4,3,101.77324,95.25786,102.31296,123.33219,107.67506,88.398094,103.7004,95.724754,87.88363,100.09511,104.972206,94.8402,0,16.7007472
108,Cas13d,RNAC_6e9evsHF545617_4_4_4.pdb,RNAComposer,6e9e,HF545617_4_4,4,101.77324,95.25786,102.31296,119.72814,113.91355,87.4679,130.92212,129.41243,96.91084,126.96364,145.56514,79.33623,8,16.74195127
214,Cas13d,RNAC_6e9evsHF545617_4_1_6.pdb,RNAComposer,6e9e,HF545617_4_1,6,101.77324,95.25786,102.31296,122.12968,109.773544,86.97612,143.84009,132.8665,98.51172,142.84671,125.66483,78.5478,0,16.75209134
140,Cas13d,RNAC_6e9evsHF545617_4_2_4.pdb,RNAComposer,6e9e,HF545617_4_2,4,101.77324,95.25786,102.31296,122.27152,110.04136,87.092514,143.93689,132.79637,99.04217,142.73312,126.27019,78.68729,0,16.92974011
199,Cas13d,RNAC_6e9evsHF545617_4_3_4.pdb,RNAComposer,6e9e,HF545617_4_3,4,101.77324,95.25786,102.31296,122.568245,110.40946,87.58724,143.9805,133.62494,98.878365,143.71123,126.92777,79.281,0,17.15335284
60,Cas13d,RNAC_6e9evsHF545617_4_3_10.pdb,RNAComposer,6e9e,HF545617_4_3,10,101.77324,95.25786,102.31296,116.73286,117.67556,98.49805,137.70041,128.29764,122.42402,119.91424,137.84279,117.786,8,17.42166824
11,Cas13d,RNAC_6e9evsHF545617_4_2_7.pdb,RNAComposer,6e9e,HF545617_4_2,7,101.77324,95.25786,102.31296,121.488205,114.17268,88.73811,139.8361,136.43344,105.99429,137.83537,135.83043,84.68735,8,17.81351519
197,Cas13d,Rose_6e9evsHF545617_4_1_1.pdb,Rosetta,6e9e,HF545617_4_1,1,101.77324,95.25786,102.31296,124.20287,105.61267,85.43646,105.46204,95.294136,84.83291,102.59027,97.20349,95.0121,0,18.21282928
235,Cas13d,Rose_6e9evsHF545617_4_4_2.pdb,Rosetta,6e9e,HF545617_4_4,2,101.77324,95.25786,102.31296,123.20253,106.303734,83.49901,137.80629,114.43192,67.71459,144.22043,116.94518,77.6872,0,18.37059796
6,Cas13d,RNAC_6e9evsHF545617_4_1_4.pdb,RNAComposer,6e9e,HF545617_4_1,4,101.77324,95.25786,102.31296,123.08535,113.90884,90.12372,138.60461,136.52376,109.75556,141.91576,133.82826,88.9427,8,18.63146993
263,Cas13d,RNAC_6e9evsHF545617_4_4_2.pdb,RNAComposer,6e9e,HF545617_4_4,2,101.77324,95.25786,102.31296,124.26929,111.628426,88.600426,143.66232,118.12331,94.63522,140.51996,140.84152,86.9245,8,18.83195268
290,Cas13d,RNAC_6e9evsHF545617_4_3_9.pdb,RNAComposer,6e9e,HF545617_4_3,9,101.77324,95.25786,102.31296,125.097885,108.56612,86.84277,152.4634,124.74846,97.52868,148.62024,120.79263,77.5648,0,19.03231746
40,Cas13d,Rose_6e9evsHF545617_4_1_9.pdb,Rosetta,6e9e,HF545617_4_1,9,101.77324,95.25786,102.31296,125.3611,108.715225,87.05335,106.700516,98.64909,84.13574,104.61115,96.73812,94.50362,0,19.24040122
132,Cas13d,RNAC_6e9evsHF545617_4_3_7.pdb,RNAComposer,6e9e,HF545617_4_3,7,101.77324,95.25786,102.31296,124.36119,113.18369,90.07485,143.45615,133.83022,108.35134,145.18005,131.89934,87.80212,8,19.32411587
255,Cas13d,Rose_6e9evsHF545617_4_2_9.pdb,Rosetta,6e9e,HF545617_4_2,9,101.77324,95.25786,102.31296,124.65663,108.06377,84.384735,147.87941,111.294624,72.6607,147.88148,116.19267,81.2616,0,19.49856717
184,Cas13d,Rose_6e9evsHF545617_4_2_2.pdb,Rosetta,6e9e,HF545617_4_2,2,101.77324,95.25786,102.31296,126.069695,106.975365,86.35777,151.16777,111.19347,80.07519,150.71164,107.308075,89.1668,0,19.74421595
125,Cas13d,Rose_6e9evsHF545617_4_2_5.pdb,Rosetta,6e9e,HF545617_4_2,5,101.77324,95.25786,102.31296,124.10942,111.946304,85.604576,146.58128,122.33092,76.981155,144.355,126.274796,85.78213,0,19.79028196
89,Cas13d,Rose_6e9evsHF545617_4_4_8.pdb,Rosetta,6e9e,HF545617_4_4,8,101.77324,95.25786,102.31296,123.684,110.92608,83.79558,136.57922,124.403946,70.35863,143.77678,124.01839,80.1032,0,19.82660484
26,Cas13d,RNAC_6e9evsHF545617_4_4_10.pdb,RNAComposer,6e9e,HF545617_4_4,10,101.77324,95.25786,102.31296,124.16788,112.10275,85.30184,110.36412,121.943665,72.3669,92.32566,121.91105,88.4934,0,20.02324388
46,Cas13d,RNAC_6e9evsHF545617_4_2_2.pdb,RNAComposer,6e9e,HF545617_4_2,2,101.77324,95.25786,102.31296,126.09905,112.076614,88.7281,153.54857,125.31243,102.91623,146.52866,129.51218,83.1315,8,20.5948992
295,Cas13d,Rose_6e9evsHF545617_4_2_3.pdb,Rosetta,6e9e,HF545617_4_2,3,101.77324,95.25786,102.31296,126.16008,110.34967,86.51104,101.70547,101.4476,89.65904,107.22603,98.54313,97.3435,0,20.62009435
135,Cas13d,Rose_6e9evsHF545617_4_4_1.pdb,Rosetta,6e9e,HF545617_4_4,1,101.77324,95.25786,102.31296,125.80527,107.19046,83.52013,142.07693,115.48103,69.556526,149.09644,112.14422,78.8571,0,20.71547813
318,Cas13d,Rose_6e9evsHF545617_4_1_6.pdb,Rosetta,6e9e,HF545617_4_1,6,101.77324,95.25786,102.31296,126.99955,106.011734,84.77254,106.51473,99.83668,85.31534,105.989136,97.97993,95.8882,0,21.05698327
74,Cas13d,RNAC_6e9evsHF545617_4_1_1.pdb,RNAComposer,6e9e,HF545617_4_1,1,101.77324,95.25786,102.31296,126.600975,112.391174,89.266174,153.83304,125.49223,104.248764,147.37486,129.65157,84.4398,8,21.05949643
143,Cas13d,RNAC_6e9evsHF545617_4_3_2.pdb,RNAComposer,6e9e,HF545617_4_3,2,101.77324,95.25786,102.31296,126.4831,112.38052,88.238,154.84033,125.2064,100.73986,148.12477,128.97179,81.5124,8,21.17146648
128,Cas13d,RNAC_6e9evsHF545617_4_2_8.pdb,RNAComposer,6e9e,HF545617_4_2,8,101.77324,95.25786,102.31296,127.28606,112.10197,89.83489,94.41331,118.96012,91.35586,103.09582,101.70107,82.1308,8,21.45613226
304,Cas13d,RNAC_6e9evsHF545617_4_1_8.pdb,RNAComposer,6e9e,HF545617_4_1,8,101.77324,95.25786,102.31296,127.53839,112.01673,90.43302,94.415405,118.20614,91.933685,103.52296,101.80055,81.9683,8,21.56411795
112,Cas13d,RNAC_6e9evsHF545617_4_3_6.pdb,RNAComposer,6e9e,HF545617_4_3,6,101.77324,95.25786,102.31296,127.91526,112.06632,90.34131,94.90991,117.88047,91.67,103.25005,101.68762,81.8104,8,21.9392621
293,Cas13d,Rose_6e9evsHF545617_4_4_7.pdb,Rosetta,6e9e,HF545617_4_4,7,101.77324,95.25786,102.31296,124.883545,110.14965,79.8468,113.97757,96.25197,94.557076,108.36758,92.94906,84.3331,7,22.63091206
198,Cas13d,Rose_6e9evsHF545617_4_4_10.pdb,Rosetta,6e9e,HF545617_4_4,10,101.77324,95.25786,102.31296,127.855156,110.05898,83.1738,149.0355,118.26398,79.63132,142.82405,128.63342,78.7374,7,23.2913207
81,Cas13d,RNAC_6e9evsHF545617_4_4_9.pdb,RNAComposer,6e9e,HF545617_4_4,9,101.77324,95.25786,102.31296,124.701256,108.92689,77.91938,126.3217,116.30713,57.979427,148.08777,106.47621,54.099,7,23.3875565
302,Cas13d,Rose_6e9evsHF545617_4_3_1.pdb,Rosetta,6e9e,HF545617_4_3,1,101.77324,95.25786,102.31296,127.069565,109.9582,81.48536,149.7313,116.207115,66.043106,151.32095,125.78373,68.91511,7,23.39708309
168,Cas13d,Rose_6e9evsHF545617_4_1_4.pdb,Rosetta,6e9e,HF545617_4_1,4,101.77324,95.25786,102.31296,128.00507,105.86593,81.24966,107.79322,102.53034,87.44681,110.06528,97.29549,96.554,7,23.54816939
215,Cas13d,RNAC_6e9evsHF545617_4_4_3.pdb,RNAComposer,6e9e,HF545617_4_4,3,101.77324,95.25786,102.31296,129.88434,111.72141,86.10139,147.68077,114.1326,97.59782,162.5307,111.004654,78.7527,0,24.52055276
233,Cas13d,Rose_6e9evsHF545617_4_4_4.pdb,Rosetta,6e9e,HF545617_4_4,4,101.77324,95.25786,102.31296,126.331276,110.81317,78.33329,117.53735,93.315765,90.37459,107.42981,97.05308,84.8267,7,24.81020904
225,Cas13d,Rose_6e9evsHF545617_4_1_2.pdb,Rosetta,6e9e,HF545617_4_1,2,101.77324,95.25786,102.31296,129.82472,106.183815,79.5059,111.42091,107.31923,90.37174,113.03796,98.70037,96.58565,7,26.03027199
253,Cas13d,Rose_6e9evsHF545617_4_2_7.pdb,Rosetta,6e9e,HF545617_4_2,7,101.77324,95.25786,102.31296,130.22476,108.098434,80.05739,146.37576,115.92439,60.950085,151.6318,111.294014,67.943,7,26.34295872
285,Cas13d,Rose_6e9evsHF545617_4_3_5.pdb,Rosetta,6e9e,HF545617_4_3,5,101.77324,95.25786,102.31296,131.32848,109.41129,81.5497,155.11867,113.38305,67.08179,160.44867,118.79828,73.7717,7,26.84707158
2,Cas13d,Rose_6e9evsHF545617_4_4_9.pdb,Rosetta,6e9e,HF545617_4_4,9,101.77324,95.25786,102.31296,132.25249,106.32392,80.92187,110.72454,104.51913,88.781235,116.18018,96.89478,96.4634,7,27.45385126
319,Cas13d,Rose_6e9evsHF545617_4_3_7.pdb,Rosetta,6e9e,HF545617_4_3,7,101.77324,95.25786,102.31296,131.67767,113.8182,83.89161,153.06122,131.52138,88.41059,155.71515,133.65894,78.87778,7,27.53952539
58,Cas13d,Rose_6e9evsHF545617_4_1_10.pdb,Rosetta,6e9e,HF545617_4_1,10,101.77324,95.25786,102.31296,133.43091,106.08583,80.35148,115.642006,110,91.58945,114.31155,100.05328,95.437,7,28.73511036
309,Cas13d,Rose_6e9evsHF545617_4_1_3.pdb,Rosetta,6e9e,HF545617_4_1,3,101.77324,95.25786,102.31296,132.21173,107.42076,77.97798,117.668335,107.898254,93.67261,116.81384,97.265656,94.986,7,28.9886262
56,Cas13d,Rose_6e9evsHF545617_4_4_6.pdb,Rosetta,6e9e,HF545617_4_4,6,101.77324,95.25786,102.31296,132.83067,107.05147,76.86392,113.5158,105.525215,89.236664,118.98783,95.396675,93.0287,7,30.05802309
226,Cas13d,Rose_6e9evsHF545617_4_3_3.pdb,Rosetta,6e9e,HF545617_4_3,3,101.77324,95.25786,102.31296,131.17542,112.55603,76.42155,144.90924,122.77487,54.10498,153.14818,126.566574,58.60302,7,30.11087703
238,Cas13d,RNAC_6e9evsHF545617_4_1_7.pdb,RNAComposer,6e9e,HF545617_4_1,7,101.77324,95.25786,102.31296,87.851,127.03137,98.55909,76.279816,100.19436,115.39871,84.11314,100.00671,95.6502,3,31.27917751
317,Cas13d,RNAC_6e9evsHF545617_4_2_1.pdb,RNAComposer,6e9e,HF545617_4_2,1,101.77324,95.25786,102.31296,137.41156,105.654755,74.34027,152.87935,97.216896,45.71299,161.04858,109.74973,61.027,7,35.13569301
160,Cas13d,Rose_6e9evsHF545617_4_3_8.pdb,Rosetta,6e9e,HF545617_4_3,8,101.77324,95.25786,102.31296,131.10066,115.654236,68.97947,124.803154,104.042114,93.81039,119.37686,96.05363,90.7731,7,35.70155224
17,Cas13d,RNAC_6e9evsHF545617_4_2_9.pdb,RNAComposer,6e9e,HF545617_4_2,9,101.77324,95.25786,102.31296,82.711136,128.23868,99.52492,73.50226,99.99155,115.24946,84.72052,100.98988,97.0422,3,35.77649844
305,Cas13d,RNAC_6e9evsHF545617_4_3_3.pdb,RNAComposer,6e9e,HF545617_4_3,3,101.77324,95.25786,102.31296,138.55185,86.573,84.3499,135.97209,118.949646,92.71762,147.62927,105.3699,103.1419,4,36.19241079
243,Cas13d,RNAC_6e9evsHF545617_4_1_5.pdb,RNAComposer,6e9e,HF545617_4_1,5,101.77324,95.25786,102.31296,138.47394,86.40383,83.7714,136.215,118.95001,92.33545,148.12906,104.34748,102.14468,4,36.35349681
161,Cas13d,RNAC_6e9evsHF545617_4_2_5.pdb,RNAComposer,6e9e,HF545617_4_2,5,101.77324,95.25786,102.31296,138.63385,86.51247,84.0084,135.2235,118.8047,92.69987,148.03896,104.62377,102.3445,4,36.37592051
246,Cas13d,RNAC_6e9evsHF545617_4_3_5.pdb,RNAComposer,6e9e,HF545617_4_3,5,101.77324,95.25786,102.31296,81.57419,128.43275,100.963554,77.14208,98.57974,115.594986,84.39577,100.87461,96.3314,3,36.98836469
249,Cas13d,RNAC_6e9evsHF545617_4_4_1.pdb,RNAComposer,6e9e,HF545617_4_4,1,101.77324,95.25786,102.31296,144.14517,87.48875,85.64639,137.22528,106.91526,91.07043,154.50293,110.51115,107.623,4,40.40244881
232,Cas13d,Rose_6e9evsHF545617_4_3_10.pdb,Rosetta,6e9e,HF545617_4_3,10,101.77324,95.25786,102.31296,120.868484,77.58995,125.69401,140.97505,64.99539,110.58854,135.86368,57.01537,107.0279,2,43.5387783
201,Cas13d,RNAC_6e9evsHF545617_4_4_7.pdb,RNAComposer,6e9e,HF545617_4_4,7,101.77324,95.25786,102.31296,75.186134,88.13247,68.52677,95.84155,92.96358,70.69723,99.66593,95.5778,46.94878,5,43.83565973
171,Cas13d,Rose_6e9evsHF545617_4_3_2.pdb,Rosetta,6e9e,HF545617_4_3,2,101.77324,95.25786,102.31296,71.78375,96.60814,117.993835,84.65666,103.828545,94.051704,88.55297,112.78998,96.6973,6,44.30862571
273,Cas13d,RNAC_6e9evsHF545617_4_3_8.pdb,RNAComposer,6e9e,HF545617_4_3,8,101.77324,95.25786,102.31296,115.272354,81.272224,131.00409,125.58537,63.978706,104.18058,135.69826,64.09348,122.25519,2,44.45341894
12,Cas13d,Rose_6e9evsHF545617_4_2_4.pdb,Rosetta,6e9e,HF545617_4_2,4,101.77324,95.25786,102.31296,122.41225,85.20171,131.22064,146.18964,74.169304,131.55884,146.84451,83.15672,127.4646,2,44.59656242
142,Cas13d,Rose_6e9evsHF545617_4_3_4.pdb,Rosetta,6e9e,HF545617_4_3,4,101.77324,95.25786,102.31296,110.70144,85.39719,134.97975,93.935165,103.674644,148.24219,88.1369,97.31023,153.5675,2,45.58581431
10,Cas13d,RNAC_6e9evsHF545617_4_1_10.pdb,RNAComposer,6e9e,HF545617_4_1,10,101.77324,95.25786,102.31296,66.905846,122.782646,100.59099,78.87686,93.46029,112.19216,90.24365,108.46221,102.33623,3,45.83710457
275,Cas13d,RNAC_6e9evsHF545617_4_4_8.pdb,RNAComposer,6e9e,HF545617_4_4,8,101.77324,95.25786,102.31296,114.08885,104.27309,138.95447,113.99534,124.97943,133.8625,126.02244,131.84824,153.7026,9,46.09712197
114,Cas13d,RNAC_6e9evsHF545617_4_1_9.pdb,RNAComposer,6e9e,HF545617_4_1,9,101.77324,95.25786,102.31296,106.39952,83.867516,136.04218,78.7576,74.73657,153.0786,84.196144,94.64407,148.0271,2,47.11841083
266,Cas13d,Rose_6e9evsHF545617_4_2_6.pdb,Rosetta,6e9e,HF545617_4_2,6,101.77324,95.25786,102.31296,67.382385,97.77008,116.63385,85.532364,99.470314,97.79568,89.50947,102.33153,106.3958,6,47.11886544
245,Cas13d,Rose_6e9evsHF545617_4_3_9.pdb,Rosetta,6e9e,HF545617_4_3,9,101.77324,95.25786,102.31296,68.77076,98.71609,119.65544,79.729485,122.06672,130.86786,73.70968,123.230225,138.9234,6,47.43157884
306,Cas13d,Rose_6e9evsHF545617_4_3_6.pdb,Rosetta,6e9e,HF545617_4_3,6,101.77324,95.25786,102.31296,71.719765,80.48342,114.95542,76.460915,54.17903,106.19902,86.22269,54.84509,103.6004,1,48.0880113
69,Cas13d,RNAC_6e9evsHF545617_4_2_10.pdb,RNAComposer,6e9e,HF545617_4_2,10,101.77324,95.25786,102.31296,118.20871,85.504814,137.22633,147.39357,81.8575,153.50235,143.96011,77.07896,132.9177,2,48.63274007
4,Cas13d,Rose_6e9evsHF545617_4_1_8.pdb,Rosetta,6e9e,HF545617_4_1,8,101.77324,95.25786,102.31296,66.190895,95.02899,119.24653,77.13411,98.263535,101.14028,85.638535,103.0921,105.597,6,49.86449148
180,Cas13d,Rose_6e9evsHF545617_4_2_1.pdb,Rosetta,6e9e,HF545617_4_2,1,101.77324,95.25786,102.31296,68.92128,78.61671,115.637024,51.22917,73.14926,97.08219,48.347233,69.04874,105.61722,1,51.40557588
91,Cas13d,RNAC_6e9evsHF545617_4_4_5.pdb,RNAComposer,6e9e,HF545617_4_4,5,101.77324,95.25786,102.31296,60.253147,92.55259,110.30028,57.430225,77.744804,95.21892,33.821007,74.953964,99.72,6,51.7779189
294,Cas13d,RNAC_6e9evsHF545617_4_4_6.pdb,RNAComposer,6e9e,HF545617_4_4,6,101.77324,95.25786,102.31296,68.67088,89.49991,124.94705,66.85162,92.98894,103.989746,67.8801,117.079666,105.9983,6,52.34199156
44,Cas13d,Rose_6e9evsHF545617_4_2_10.pdb,Rosetta,6e9e,HF545617_4_2,10,101.77324,95.25786,102.31296,66.36099,80.367256,115.15094,48.70945,77.64714,95.96214,44.11708,76.99944,104.7061,1,52.37101718
303,Cas13d,RNAC_6iv8ABvsHF545617_4_2_10.pdb,RNAComposer,6iv8AB,HF545617_4_2,10,28.071928,36.120358,183.35031,16.215673,59.970703,195.39738,-15.735387,61.62139,205.71138,-1.1210058,77.098656,207.997,1,16.00928601
262,Cas13d,RNAC_6iv8ABvsHF545617_4_1_9.pdb,RNAComposer,6iv8AB,HF545617_4_1,9,28.071928,36.120358,183.35031,16.127136,59.9578,195.37991,-16.082115,61.719105,205.23668,-1.4279115,76.85355,207.9941,1,16.0330152
188,Cas13d,RNAC_6iv8ABvsHF545617_4_2_1.pdb,RNAComposer,6iv8AB,HF545617_4_2,1,28.071928,36.120358,183.35031,13.359932,62.07663,190.51337,-19.971445,65.22402,187.4992,-6.4882817,80.81196,193.293,1,16.64250744
195,Cas13d,RNAC_6iv8ABvsHF545617_4_1_1.pdb,RNAComposer,6iv8AB,HF545617_4_1,1,28.071928,36.120358,183.35031,13.109841,62.196407,190.28998,-20.22609,65.86393,186.69077,-6.6209583,81.14068,192.4286,1,16.81598814
93,Cas13d,RNAC_6iv8ABvsHF545617_4_3_1.pdb,RNAComposer,6iv8AB,HF545617_4_3,1,28.071928,36.120358,183.35031,13.102706,62.458626,190.27502,-19.92312,67.014824,186.60583,-7.103552,81.66956,193.6678,1,17.00168541
7,Cas13d,RNAC_6iv8ABvsHF545617_4_1_7.pdb,RNAComposer,6iv8AB,HF545617_4_1,7,28.071928,36.120358,183.35031,12.901807,64.83108,186.77823,-20.7016,65.68591,189.56621,-8.547195,81.05903,181.3602,1,18.24532074
23,Cas13d,Rose_6iv8ABvsHF545617_4_2_1.pdb,Rosetta,6iv8AB,HF545617_4_2,1,28.071928,36.120358,183.35031,15.572915,64.3179,193.5281,1.6089071,82.73184,205.90237,-4.321026,77.77717,199.7174,1,18.28311926
301,Cas13d,RNAC_6iv8ABvsHF545617_4_3_3.pdb,RNAComposer,6iv8AB,HF545617_4_3,3,28.071928,36.120358,183.35031,11.474075,64.07953,186.31122,-22.01103,63.04539,187.92442,-11.444621,79.24854,180.523,1,18.54177254
78,Cas13d,RNAC_6iv8ABvsHF545617_4_3_10.pdb,RNAComposer,6iv8AB,HF545617_4_3,10,28.071928,36.120358,183.35031,10.426399,63.00202,188.9873,-23.086493,61.812145,188.36415,-12.322657,79.46236,189.6198,1,18.86403671
18,Cas13d,RNAC_6iv8ABvsHF545617_4_2_4.pdb,RNAComposer,6iv8AB,HF545617_4_2,4,28.071928,36.120358,183.35031,13.286365,65.67918,188.24574,-19.559418,68.944756,194.60667,-7.3560476,83.36553,184.5335,1,18.88903021
308,Cas13d,Rose_6iv8ABvsHF545617_4_2_2.pdb,Rosetta,6iv8AB,HF545617_4_2,2,28.071928,36.120358,183.35031,16.555908,63.00532,197.36308,6.289489,78.71611,215.66496,-0.10019835,71.41537,213.705,8,19.05033228
158,Cas13d,Rose_6iv8ABvsHF545617_4_2_4.pdb,Rosetta,6iv8AB,HF545617_4_2,4,28.071928,36.120358,183.35031,16.889992,64.32569,200.03123,9.584942,81.28673,218.6363,4.8844037,72.69322,220.0583,8,21.57697382
284,Cas13d,Rose_6iv8ABvsHF545617_4_3_2.pdb,Rosetta,6iv8AB,HF545617_4_3,2,28.071928,36.120358,183.35031,14.0073805,67.441284,194.54686,-0.8211174,87.045876,208.21626,-6.6062045,90.54992,200.6836,1,21.85964369
109,Cas13d,Rose_6iv8ABvsHF545617_4_2_9.pdb,Rosetta,6iv8AB,HF545617_4_2,9,28.071928,36.120358,183.35031,14.848349,64.57677,199.81288,2.1758358,83.17488,213.25546,0.9522727,74.476234,217.816,8,22.33672488
48,Cas13d,Rose_6iv8ABvsHF545617_4_3_3.pdb,Rosetta,6iv8AB,HF545617_4_3,3,28.071928,36.120358,183.35031,16.530476,68.47049,196.074,9.25998,91.36659,210.70207,1.3292624,94.56136,205.281,8,22.39691932
102,Cas13d,Rose_6iv8ABvsHF545617_4_4_1.pdb,Rosetta,6iv8AB,HF545617_4_4,1,28.071928,36.120358,183.35031,19.04054,68.33515,197.70416,26.482384,46.729935,195.19092,34.995457,52.421318,188.7065,8,22.45840551
269,Cas13d,RNAC_6iv8ABvsHF545617_4_1_5.pdb,RNAComposer,6iv8AB,HF545617_4_1,5,28.071928,36.120358,183.35031,17.722288,59.082943,165.05034,32.483265,30.25474,155.62976,20.82314,42.874134,143.1317,6,22.76505386
229,Cas13d,Rose_6iv8ABvsHF545617_4_3_1.pdb,Rosetta,6iv8AB,HF545617_4_3,1,28.071928,36.120358,183.35031,16.190117,66.7531,199.45895,9.320925,86.87772,217.86754,-0.5430648,87.92268,215.843,8,23.08395329
240,Cas13d,RNAC_6iv8ABvsHF545617_4_2_6.pdb,RNAComposer,6iv8AB,HF545617_4_2,6,28.071928,36.120358,183.35031,17.962366,59.729584,164.56682,32.820557,30.541626,156.99918,21.396868,42.55378,143.4505,6,23.382169
252,Cas13d,Rose_6iv8ABvsHF545617_4_4_9.pdb,Rosetta,6iv8AB,HF545617_4_4,9,28.071928,36.120358,183.35031,16.088833,69.20261,196.7458,28.16424,49.641457,196.59586,33.03072,54.934376,186.8382,8,23.46282408
268,Cas13d,RNAC_6iv8ABvsHF545617_4_4_4.pdb,RNAComposer,6iv8AB,HF545617_4_4,4,28.071928,36.120358,183.35031,18.579176,68.30485,199.44073,22.723198,52.611076,185.61221,2.9039676,56.55084,172.3032,8,23.54968708
264,Cas13d,RNAC_6iv8ABvsHF545617_4_2_7.pdb,RNAComposer,6iv8AB,HF545617_4_2,7,28.071928,36.120358,183.35031,20.372942,71.474686,196.19354,19.875336,102.17038,182.50075,16.089678,97.68173,203.0888,8,24.09075641
209,Cas13d,Rose_6iv8ABvsHF545617_4_4_2.pdb,Rosetta,6iv8AB,HF545617_4_4,2,28.071928,36.120358,183.35031,17.765442,68.778885,199.47958,7.8272467,85.65636,211.51561,3.1613119,88.12356,200.6044,8,24.12968907
190,Cas13d,RNAC_6iv8ABvsHF545617_4_1_4.pdb,RNAComposer,6iv8AB,HF545617_4_1,4,28.071928,36.120358,183.35031,20.82248,71.638535,196.7297,21.965178,102.936775,184.20741,17.027391,97.76057,204.2129,8,24.42303085
220,Cas13d,Rose_6iv8ABvsHF545617_4_3_4.pdb,Rosetta,6iv8AB,HF545617_4_3,4,28.071928,36.120358,183.35031,13.423897,67.93524,198.73352,2.3802466,89.07481,213.64053,-7.399351,86.45994,213.5598,8,24.55678586
79,Cas13d,Rose_6iv8ABvsHF545617_4_3_5.pdb,Rosetta,6iv8AB,HF545617_4_3,5,28.071928,36.120358,183.35031,28.932072,60.58954,162.66516,28.267757,55.67116,190.34981,26.802618,45.65442,190.3958,6,25.2165332
176,Cas13d,Rose_6iv8ABvsHF545617_4_1_1.pdb,Rosetta,6iv8AB,HF545617_4_1,1,28.071928,36.120358,183.35031,18.435009,67.209015,203.39375,18.760317,55.261066,185.63997,21.929619,46.10253,190.2859,8,25.42820996
191,Cas13d,Rose_6iv8ABvsHF545617_4_1_2.pdb,Rosetta,6iv8AB,HF545617_4_1,2,28.071928,36.120358,183.35031,15.416469,66.39873,203.51692,19.503681,55.37673,185.63226,26.365704,48.336525,189.9748,8,25.81594599
51,Cas13d,RNAC_6iv8ABvsHF545617_4_3_2.pdb,RNAComposer,6iv8AB,HF545617_4_3,2,28.071928,36.120358,183.35031,15.2651005,68.55013,202.18048,27.220192,80.06561,173.0361,19.389315,61.041737,175.4319,8,26.37071821
117,Cas13d,Rose_6iv8ABvsHF545617_4_3_7.pdb,Rosetta,6iv8AB,HF545617_4_3,7,28.071928,36.120358,183.35031,13.980784,70.7401,198.63792,32.46743,54.297417,185.26091,29.35005,45.166107,188.3254,8,26.3742447
99,Cas13d,Rose_6iv8ABvsHF545617_4_2_6.pdb,Rosetta,6iv8AB,HF545617_4_2,6,28.071928,36.120358,183.35031,16.592669,69.89757,202.43883,12.203177,93.697266,212.51303,11.550189,86.953125,219.7278,8,27.09255153
212,Cas13d,Rose_6iv8ABvsHF545617_4_4_10.pdb,Rosetta,6iv8AB,HF545617_4_4,10,28.071928,36.120358,183.35031,-2.7750263,52.67548,179.25212,-2.4148788,60.515636,200.85965,1.8246384,70.36561,195.2105,1,27.40434165
223,Cas13d,Rose_6iv8ABvsHF545617_4_1_4.pdb,Rosetta,6iv8AB,HF545617_4_1,4,28.071928,36.120358,183.35031,17.612854,69.145515,204.1323,16.5507,53.958767,189.08925,24.484602,47.789616,192.8975,8,27.43637351
94,Cas13d,Rose_6iv8ABvsHF545617_4_4_4.pdb,Rosetta,6iv8AB,HF545617_4_4,4,28.071928,36.120358,183.35031,17.327442,69.3667,204.36993,23.820066,54.534912,188.04974,23.164667,46.865772,197.4124,8,27.8182673
35,Cas13d,RNAC_6iv8ABvsHF545617_4_2_8.pdb,RNAComposer,6iv8AB,HF545617_4_2,8,28.071928,36.120358,183.35031,20.373407,59.038246,158.37016,31.75336,27.410831,158.7785,22.862518,37.20476,141.9446,6,28.37253442
70,Cas13d,RNAC_6iv8ABvsHF545617_4_2_2.pdb,RNAComposer,6iv8AB,HF545617_4_2,2,28.071928,36.120358,183.35031,16.539705,65.25247,209.32932,22.379833,71.170334,241.8998,5.4920187,78.25723,230.8123,8,29.33439608
66,Cas13d,RNAC_6iv8ABvsHF545617_4_3_6.pdb,RNAComposer,6iv8AB,HF545617_4_3,6,28.071928,36.120358,183.35031,19.721079,59.51723,156.65565,31.280891,28.150541,159.38022,22.900316,35.74983,142.0312,6,30.22136923
261,Cas13d,RNAC_6iv8ABvsHF545617_4_4_7.pdb,RNAComposer,6iv8AB,HF545617_4_4,7,28.071928,36.120358,183.35031,15.747339,64.79835,213.08409,21.53892,73.55127,231.64607,6.91438,59.599575,244.947,8,32.48250839
153,Cas13d,Rose_6iv8ABvsHF545617_4_4_7.pdb,Rosetta,6iv8AB,HF545617_4_4,7,28.071928,36.120358,183.35031,59.414635,51.391575,183.64183,65.0621,68.378136,169.21788,59.35268,74.91237,177.6806,9,35.57595395
71,Cas13d,Rose_6iv8ABvsHF545617_4_4_5.pdb,Rosetta,6iv8AB,HF545617_4_4,5,28.071928,36.120358,183.35031,59.857162,47.40802,182.83136,65.04614,66.58709,171.26791,54.29012,69.93569,175.7407,9,36.16618213
221,Cas13d,Rose_6iv8ABvsHF545617_4_4_3.pdb,Rosetta,6iv8AB,HF545617_4_4,3,28.071928,36.120358,183.35031,58.99669,41.80755,186.81409,61.155483,22.86818,199.66406,56.837036,17.793495,189.5394,9,36.1741459
105,Cas13d,Rose_6iv8ABvsHF545617_4_1_8.pdb,Rosetta,6iv8AB,HF545617_4_1,8,28.071928,36.120358,183.35031,60.456795,49.68537,185.52188,63.221107,29.475737,192.00151,53.948658,28.539513,197.3543,9,36.57889066
148,Cas13d,Rose_6iv8ABvsHF545617_4_2_7.pdb,Rosetta,6iv8AB,HF545617_4_2,7,28.071928,36.120358,183.35031,60.676643,41.93427,186.46024,62.177105,19.409134,199.7851,52.692085,21.310646,197.6916,9,37.76451797
149,Cas13d,Rose_6iv8ABvsHF545617_4_4_8.pdb,Rosetta,6iv8AB,HF545617_4_4,8,28.071928,36.120358,183.35031,61.431004,47.245308,182.52502,69.185196,61.833923,166.53961,63.314476,69.73471,173.6118,9,37.76501476
136,Cas13d,Rose_6iv8ABvsHF545617_4_4_6.pdb,Rosetta,6iv8AB,HF545617_4_4,6,28.071928,36.120358,183.35031,59.99954,39.192585,187.83713,58.03696,24.501072,205.40956,60.10483,16.532795,196.5137,9,37.89430383
278,Cas13d,Rose_6iv8ABvsHF545617_4_2_3.pdb,Rosetta,6iv8AB,HF545617_4_2,3,28.071928,36.120358,183.35031,57.16138,34.15122,194.40977,53.122105,10.594026,205.17726,44.6446,15.701723,205.2806,2,38.15092335
116,Cas13d,Rose_6iv8ABvsHF545617_4_1_3.pdb,Rosetta,6iv8AB,HF545617_4_1,3,28.071928,36.120358,183.35031,61.54693,44.226517,184.44289,73.63416,57.353104,172.62566,65.60217,61.99471,167.1984,9,38.16278812
32,Cas13d,Rose_6iv8ABvsHF545617_4_3_10.pdb,Rosetta,6iv8AB,HF545617_4_3,10,28.071928,36.120358,183.35031,62.138622,45.222443,186.62898,49.145645,69.58686,181.27809,55.207253,76.01823,186.2156,9,38.62362237
186,Cas13d,Rose_6iv8ABvsHF545617_4_1_9.pdb,Rosetta,6iv8AB,HF545617_4_1,9,28.071928,36.120358,183.35031,61.59618,38.621372,186.95752,66.55587,57.725277,178.68076,62.363632,56.052105,168.9269,9,39.53447433
286,Cas13d,RNAC_6iv8ABvsHF545617_4_4_2.pdb,RNAComposer,6iv8AB,HF545617_4_4,2,28.071928,36.120358,183.35031,58.9369,39.335728,199.8081,51.714714,40.537846,179.78088,63.703117,20.905123,172.278,2,39.55734955
115,Cas13d,RNAC_6iv8ABvsHF545617_4_1_6.pdb,RNAComposer,6iv8AB,HF545617_4_1,6,28.071928,36.120358,183.35031,51.265545,27.15888,202.7638,57.870674,59.490562,195.78296,69.81878,42.880432,190.0602,2,39.97294327
274,Cas13d,RNAC_6iv8ABvsHF545617_4_4_3.pdb,RNAComposer,6iv8AB,HF545617_4_4,3,28.071928,36.120358,183.35031,58.893135,36.7397,198.86014,53.23521,40.739864,178.69377,70.82923,27.19242,169.083,2,39.98466995
312,Cas13d,Rose_6iv8ABvsHF545617_4_3_8.pdb,Rosetta,6iv8AB,HF545617_4_3,8,28.071928,36.120358,183.35031,40.985302,84.704475,199.15027,29.666254,58.958508,199.45876,20.778166,60.9183,203.891,8,40.8452357
141,Cas13d,Rose_6iv8ABvsHF545617_4_3_9.pdb,Rosetta,6iv8AB,HF545617_4_3,9,28.071928,36.120358,183.35031,20.994322,31.01085,222.17702,-5.9993286,33.286022,229.74234,-6.4314623,43.13376,232.0483,0,41.87353866
39,Cas13d,RNAC_6iv8ABvsHF545617_4_3_8.pdb,RNAComposer,6iv8AB,HF545617_4_3,8,28.071928,36.120358,183.35031,52.979794,24.246655,201.54794,59.072826,43.358173,174.66777,66.56123,24.18466,176.9632,2,42.38955117
272,Cas13d,RNAC_6iv8ABvsHF545617_4_1_2.pdb,RNAComposer,6iv8AB,HF545617_4_1,2,28.071928,36.120358,183.35031,52.97222,23.312304,200.40846,58.4141,43.86815,174.22556,66.90536,24.56427,176.806,2,42.5443798
297,Cas13d,RNAC_6iv8ABvsHF545617_4_2_3.pdb,RNAComposer,6iv8AB,HF545617_4_2,3,28.071928,36.120358,183.35031,45.312645,20.13483,206.59853,13.696015,9.451942,210.62816,24.087395,22.770277,223.781,0,42.80488536
62,Cas13d,RNAC_6iv8ABvsHF545617_4_1_8.pdb,RNAComposer,6iv8AB,HF545617_4_1,8,28.071928,36.120358,183.35031,45.991375,22.215197,208.96744,14.238921,11.027965,206.89084,22.073288,23.297398,222.3659,0,42.9839977
151,Cas13d,RNAC_6iv8ABvsHF545617_4_2_9.pdb,RNAComposer,6iv8AB,HF545617_4_2,9,28.071928,36.120358,183.35031,53.41371,22.898302,200.23471,58.14121,43.91564,174.42976,66.62629,24.342518,176.2339,2,43.04871627
84,Cas13d,RNAC_6iv8ABvsHF545617_4_1_3.pdb,RNAComposer,6iv8AB,HF545617_4_1,3,28.071928,36.120358,183.35031,42.707214,18.281216,207.93254,9.519117,12.278638,207.47816,19.861694,23.648241,222.1465,0,43.61031092
279,Cas13d,RNAC_6iv8ABvsHF545617_4_3_7.pdb,RNAComposer,6iv8AB,HF545617_4_3,7,28.071928,36.120358,183.35031,42.28923,16.765572,207.83496,8.936001,13.4302,206.67116,18.86494,23.559183,221.763,0,44.51271146
187,Cas13d,RNAC_6iv8ABvsHF545617_4_2_5.pdb,RNAComposer,6iv8AB,HF545617_4_2,5,28.071928,36.120358,183.35031,-4.6063795,17.180597,193.47234,20.604683,20.393585,215.47365,9.017655,2.6638649,212.3496,5,44.51401528
110,Cas13d,RNAC_6iv8ABvsHF545617_4_4_10.pdb,RNAComposer,6iv8AB,HF545617_4_4,10,28.071928,36.120358,183.35031,37.816547,18.067905,213.49168,16.645317,20.499168,212.74174,14.300868,23.922314,236.5796,0,45.16191146
210,Cas13d,RNAC_6iv8ABvsHF545617_4_4_6.pdb,RNAComposer,6iv8AB,HF545617_4_4,6,28.071928,36.120358,183.35031,-6.5876,16.947496,183.52072,9.449033,10.242767,195.8725,-0.82803696,-11.080985,200.8855,5,45.24671101
292,Cas13d,RNAC_6iv8ABvsHF545617_4_4_9.pdb,RNAComposer,6iv8AB,HF545617_4_4,9,28.071928,36.120358,183.35031,-9.057419,39.7688,154.92982,-25.540255,33.828426,167.0839,-12.578147,32.87173,187.4927,4,45.94183034
57,Cas13d,RNAC_6iv8ABvsHF545617_4_4_1.pdb,RNAComposer,6iv8AB,HF545617_4_4,1,28.071928,36.120358,183.35031,-6.6424947,34.231544,154.67221,-7.617647,34.63629,175.96962,-25.287075,18.16437,177.3556,4,46.05315471
21,Cas13d,Rose_6iv8ABvsHF545617_4_1_6.pdb,Rosetta,6iv8AB,HF545617_4_1,6,28.071928,36.120358,183.35031,34.70186,14.641966,212.46005,55.257263,10.656449,216.89264,59.460632,16.22293,208.7159,0,46.23923118
167,Cas13d,Rose_6iv8ABvsHF545617_4_2_10.pdb,Rosetta,6iv8AB,HF545617_4_2,10,28.071928,36.120358,183.35031,4.027769,8.3650465,184.84596,-15.09874,16.896132,169.07947,-8.040225,23.811255,169.6469,5,46.44870437
113,Cas13d,Rose_6iv8ABvsHF545617_4_3_6.pdb,Rosetta,6iv8AB,HF545617_4_3,6,28.071928,36.120358,183.35031,32.35049,20.73215,149.82135,13.426534,33.76833,133.60371,8.168979,25.824736,130.1767,3,46.87541511
144,Cas13d,Rose_6iv8ABvsHF545617_4_2_5.pdb,Rosetta,6iv8AB,HF545617_4_2,5,28.071928,36.120358,183.35031,12.091326,30.099834,144.50258,-12.804593,25.335026,151.18687,-7.3349786,26.108839,159.3997,4,46.92190933
150,Cas13d,RNAC_6iv8ABvsHF545617_4_4_8.pdb,RNAComposer,6iv8AB,HF545617_4_4,8,28.071928,36.120358,183.35031,31.431074,50.58587,138.38425,34.58698,70.10923,146.35791,39.632343,80.10642,124.9091,6,47.37258004
236,Cas13d,Rose_6iv8ABvsHF545617_4_1_10.pdb,Rosetta,6iv8AB,HF545617_4_1,10,28.071928,36.120358,183.35031,-4.478619,19.946157,162.34216,-2.7903426,21.317053,141.05069,7.82576,19.742882,140.4772,5,47.42814009
189,Cas13d,RNAC_6iv8ABvsHF545617_4_4_5.pdb,RNAComposer,6iv8AB,HF545617_4_4,5,28.071928,36.120358,183.35031,54.440643,14.975101,175.99883,37.694744,11.625989,163.22958,39.303387,-12.492602,164.3068,7,47.63410218
271,Cas13d,Rose_6iv8ABvsHF545617_4_2_8.pdb,Rosetta,6iv8AB,HF545617_4_2,8,28.071928,36.120358,183.35031,7.7954087,30.16582,144.81789,-15.251565,18.522177,149.3404,-14.8712635,27.02713,154.3888,4,47.88793357
80,Cas13d,RNAC_6iv8ABvsHF545617_4_3_5.pdb,RNAComposer,6iv8AB,HF545617_4_3,5,28.071928,36.120358,183.35031,53.071453,11.9330225,184.3156,47.902477,18.35115,216.82733,64.39786,25.189774,206.3344,7,48.2560031
152,Cas13d,RNAC_6iv8ABvsHF545617_4_3_9.pdb,RNAComposer,6iv8AB,HF545617_4_3,9,28.071928,36.120358,183.35031,53.43887,11.016349,188.06862,53.464153,42.174404,200.48238,68.234985,34.889484,187.923,7,49.28805886
222,Cas13d,RNAC_6iv8ABvsHF545617_4_3_4.pdb,RNAComposer,6iv8AB,HF545617_4_3,4,28.071928,36.120358,183.35031,31.15239,31.18174,139.49013,20.232101,42.30249,169.18869,25.208158,54.815968,153.4526,3,50.05324467
101,Cas13d,RNAC_6iv8ABvsHF545617_4_1_10.pdb,RNAComposer,6iv8AB,HF545617_4_1,10,28.071928,36.120358,183.35031,36.645103,7.13685,160.7501,17.997917,-18.189112,172.9393,37.75929,-19.893007,165.3239,3,51.24373088
68,Cas13d,Rose_6iv8ABvsHF545617_4_1_5.pdb,Rosetta,6iv8AB,HF545617_4_1,5,28.071928,36.120358,183.35031,38.896225,20.341778,146.0581,30.714666,13.840113,127.380684,37.600418,19.111675,121.0318,3,51.52008439
200,Cas13d,Rose_6iv8ABvsHF545617_4_1_7.pdb,Rosetta,6iv8AB,HF545617_4_1,7,28.071928,36.120358,183.35031,27.662954,-5.8787675,178.66185,10.622071,0.6569273,167.48372,13.828116,-3.057832,157.9218,7,56.73154695
37,Cas13d,RNAC_6iv8CDvsHF545617_4_2_1.pdb,RNAComposer,6iv8CD,HF545617_4_2,1,23.963156,77.80505,124.364044,46.572174,86.564476,144.00417,78.0513,93.564865,134.51566,71.06652,92.69401,154.7346,0,18.72741044
63,Cas13d,RNAC_6iv8CDvsHF545617_4_3_6.pdb,RNAComposer,6iv8CD,HF545617_4_3,6,23.963156,77.80505,124.364044,48.887207,79.89195,143.95506,80.652534,82.287544,133.4596,75.38977,76.79631,152.7238,0,18.8658462
41,Cas13d,RNAC_6iv8CDvsHF545617_4_1_2.pdb,RNAComposer,6iv8CD,HF545617_4_1,2,23.963156,77.80505,124.364044,46.945786,87.18649,143.3406,78.27443,94.09915,132.92781,71.608,94.20679,153.1007,0,18.94329665
162,Cas13d,RNAC_6iv8CDvsHF545617_4_1_7.pdb,RNAComposer,6iv8CD,HF545617_4_1,7,23.963156,77.80505,124.364044,48.147667,78.79519,145.53117,79.59121,85.96059,135.6489,74.27672,73.60425,152.095,0,19.08858854
61,Cas13d,RNAC_6iv8CDvsHF545617_4_2_9.pdb,RNAComposer,6iv8CD,HF545617_4_2,9,23.963156,77.80505,124.364044,44.572376,91.040985,142.70302,67.864265,111.299484,129.39684,65.983055,106.4839,150.1725,4,19.17853444
15,Cas13d,RNAC_6iv8CDvsHF545617_4_3_2.pdb,RNAComposer,6iv8CD,HF545617_4_3,2,23.963156,77.80505,124.364044,47.593685,87.23624,143.63338,79.118835,93.55566,134.08594,72.66001,94.907005,153.718,0,19.59313375
175,Cas13d,RNAC_6iv8CDvsHF545617_4_2_7.pdb,RNAComposer,6iv8CD,HF545617_4_2,7,23.963156,77.80505,124.364044,48.72963,79.471275,145.76901,80.17499,88.200966,137.7095,74.67933,74.209274,152.9535,0,19.71889178
205,Cas13d,Rose_6iv8CDvsHF545617_4_2_2.pdb,Rosetta,6iv8CD,HF545617_4_2,2,23.963156,77.80505,124.364044,43.63574,89.4869,146.93529,57.69577,105.91532,161.75458,60.951374,106.378365,152.419,4,20.01673716
107,Cas13d,Rose_6iv8CDvsHF545617_4_2_1.pdb,Rosetta,6iv8CD,HF545617_4_2,1,23.963156,77.80505,124.364044,45.430996,86.33131,147.67644,64.06483,98.21521,161.77414,68.1733,94.16458,153.7316,4,20.07378056
75,Cas13d,Rose_6iv8CDvsHF545617_4_3_7.pdb,Rosetta,6iv8CD,HF545617_4_3,7,23.963156,77.80505,124.364044,47.330475,84.63732,149.04584,42.549625,73.67383,123.589645,52.04381,72.61259,120.2398,0,21.67465734
228,Cas13d,RNAC_6iv8CDvsHF545617_4_4_7.pdb,RNAComposer,6iv8CD,HF545617_4_4,7,23.963156,77.80505,124.364044,41.67338,89.16066,152.14651,32.69024,77.93489,136.39919,50.25351,61.307236,135.6882,4,22.70851597
248,Cas13d,Rose_6iv8CDvsHF545617_4_2_9.pdb,Rosetta,6iv8CD,HF545617_4_2,9,23.963156,77.80505,124.364044,42.639915,93.242424,148.69658,52.221424,111.05109,165.37704,52.920452,114.55119,156.1449,4,22.90852479
52,Cas13d,RNAC_6iv8CDvsHF545617_4_4_1.pdb,RNAComposer,6iv8CD,HF545617_4_4,1,23.963156,77.80505,124.364044,43.150684,84.26831,153.90059,33.69225,88.11005,135.17963,54.235634,94.10664,123.8,4,23.02371799
92,Cas13d,RNAC_6iv8CDvsHF545617_4_3_7.pdb,RNAComposer,6iv8CD,HF545617_4_3,7,23.963156,77.80505,124.364044,46.354206,60.21152,138.12231,23.259264,52.522316,115.0481,40.606583,41.575047,117.9106,2,23.10732762
138,Cas13d,Rose_6iv8CDvsHF545617_4_3_10.pdb,Rosetta,6iv8CD,HF545617_4_3,10,23.963156,77.80505,124.364044,51.420967,82.03768,147.72299,77.198265,84.68168,158.65977,82.84587,83.53382,150.3368,0,23.28856394
211,Cas13d,RNAC_6iv8CDvsHF545617_4_1_4.pdb,RNAComposer,6iv8CD,HF545617_4_1,4,23.963156,77.80505,124.364044,46.101738,59.743004,137.91628,22.964396,52.65223,114.420044,40.70668,41.556656,118.0942,2,23.30160891
38,Cas13d,Rose_6iv8CDvsHF545617_4_3_6.pdb,Rosetta,6iv8CD,HF545617_4_3,6,23.963156,77.80505,124.364044,47.02811,89.72808,149.49234,65.07216,105.58955,164.11754,73.36812,99.80426,163.6791,4,23.72327879
254,Cas13d,Rose_6iv8CDvsHF545617_4_3_1.pdb,Rosetta,6iv8CD,HF545617_4_3,1,23.963156,77.80505,124.364044,44.990967,89.89739,151.15187,58.084644,104.160645,171.55249,67.528465,100.68624,170.4455,4,23.80507307
277,Cas13d,Rose_6iv8CDvsHF545617_4_4_1.pdb,Rosetta,6iv8CD,HF545617_4_4,1,23.963156,77.80505,124.364044,42.945454,90.57149,152.46117,27.749332,87.90229,135.41893,23.952337,79.01795,142.7375,4,24.14980095
258,Cas13d,Rose_6iv8CDvsHF545617_4_4_2.pdb,Rosetta,6iv8CD,HF545617_4_4,2,23.963156,77.80505,124.364044,43.52723,92.93937,150.66364,58.322456,107.782036,160.1122,64.87563,97.64327,161.1935,4,24.39909729
300,Cas13d,Rose_6iv8CDvsHF545617_4_2_10.pdb,Rosetta,6iv8CD,HF545617_4_2,10,23.963156,77.80505,124.364044,43.51388,95.54884,148.49124,57.0433,112.52641,163.18477,52.81825,117.39146,155.6714,4,24.69763263
216,Cas13d,Rose_6iv8CDvsHF545617_4_3_2.pdb,Rosetta,6iv8CD,HF545617_4_3,2,23.963156,77.80505,124.364044,45.44803,92.076805,151.09198,58.032734,107.42336,171.02112,67.18928,108.64847,166.88,4,25.10558121
157,Cas13d,RNAC_6iv8CDvsHF545617_4_4_2.pdb,RNAComposer,6iv8CD,HF545617_4_4,2,23.963156,77.80505,124.364044,43.343796,92.78099,151.99374,36.00564,83.30544,134.35696,57.725445,81.93896,123.7815,4,25.15212254
13,Cas13d,Rose_6iv8CDvsHF545617_4_3_3.pdb,Rosetta,6iv8CD,HF545617_4_3,3,23.963156,77.80505,124.364044,37.650826,55.11317,142.14275,30.849676,82.38124,143.26688,27.956903,83.943886,133.6921,2,25.20663899
164,Cas13d,Rose_6iv8CDvsHF545617_4_2_6.pdb,Rosetta,6iv8CD,HF545617_4_2,6,23.963156,77.80505,124.364044,43.25966,90.40786,154.28944,28.319685,92.225586,132.82603,30.917507,82.77055,134.1753,4,25.61456089
299,Cas13d,Rose_6iv8CDvsHF545617_4_4_6.pdb,Rosetta,6iv8CD,HF545617_4_4,6,23.963156,77.80505,124.364044,44.40088,91.35421,153.14359,58.325,101.32879,168.47684,65.65557,92.4036,164.801,4,25.6847375
45,Cas13d,Rose_6iv8CDvsHF545617_4_3_9.pdb,Rosetta,6iv8CD,HF545617_4_3,9,23.963156,77.80505,124.364044,53.01658,92.43777,141.98576,70.764534,82.572624,122.524216,65.131676,83.6687,114.1842,0,25.73792101
134,Cas13d,RNAC_6iv8CDvsHF545617_4_1_8.pdb,RNAComposer,6iv8CD,HF545617_4_1,8,23.963156,77.80505,124.364044,43.753925,87.22811,155.7911,59.300663,69.19516,179.68289,57.84151,90.383736,179.1225,4,25.76774393
204,Cas13d,Rose_6iv8CDvsHF545617_4_2_7.pdb,Rosetta,6iv8CD,HF545617_4_2,7,23.963156,77.80505,124.364044,47.80353,91.238945,150.89102,63.809177,104.155014,134.63733,54.544693,104.73628,131.2031,4,25.81591391
121,Cas13d,RNAC_6iv8CDvsHF545617_4_3_8.pdb,RNAComposer,6iv8CD,HF545617_4_3,8,23.963156,77.80505,124.364044,44.797974,55.392143,138.30942,23.655315,53.794758,112.321625,40.347282,41.678658,114.2054,2,26.37353252
120,Cas13d,RNAC_6iv8CDvsHF545617_4_2_6.pdb,RNAComposer,6iv8CD,HF545617_4_2,6,23.963156,77.80505,124.364044,45.66071,55.618763,137.45815,23.07211,53.8573,112.62605,39.640263,40.568996,115.3231,2,26.4599106
218,Cas13d,Rose_6iv8CDvsHF545617_4_1_2.pdb,Rosetta,6iv8CD,HF545617_4_1,2,23.963156,77.80505,124.364044,43.72167,96.39253,151.02303,39.167946,80.32531,137.63759,29.221663,83.51408,135.1039,4,26.88872724
0,Cas13d,Rose_6iv8CDvsHF545617_4_4_9.pdb,Rosetta,6iv8CD,HF545617_4_4,9,23.963156,77.80505,124.364044,45.54699,92.184326,153.5165,27.860146,89.38365,139.10065,28.876993,77.977974,143.0734,4,26.9041298
313,Cas13d,Rose_6iv8CDvsHF545617_4_1_1.pdb,Rosetta,6iv8CD,HF545617_4_1,1,23.963156,77.80505,124.364044,42.037983,95.551254,153.48056,40.663002,80.21219,138.61867,33.327175,85.045296,132.4268,4,27.36572823
97,Cas13d,Rose_6iv8CDvsHF545617_4_3_5.pdb,Rosetta,6iv8CD,HF545617_4_3,5,23.963156,77.80505,124.364044,48.066437,93.01888,151.70164,27.918875,75.916885,142.07533,25.60694,80.53055,133.3658,4,27.39811838
242,Cas13d,Rose_6iv8CDvsHF545617_4_3_4.pdb,Rosetta,6iv8CD,HF545617_4_3,4,23.963156,77.80505,124.364044,50.784866,92.66199,149.5306,77.16377,102.4202,149.58508,80.28081,99.22228,158.6705,4,27.55096664
64,Cas13d,Rose_6iv8CDvsHF545617_4_1_9.pdb,Rosetta,6iv8CD,HF545617_4_1,9,23.963156,77.80505,124.364044,46.536167,93.52741,153.31181,26.794254,88.07606,147.0992,29.675583,80.29193,140.2713,4,27.93848929
83,Cas13d,Rose_6iv8CDvsHF545617_4_1_6.pdb,Rosetta,6iv8CD,HF545617_4_1,6,23.963156,77.80505,124.364044,42.18302,93.96775,155.77669,40.881298,84.76715,136.49678,31.682863,89.41531,133.4487,4,28.18285299
307,Cas13d,Rose_6iv8CDvsHF545617_4_1_4.pdb,Rosetta,6iv8CD,HF545617_4_1,4,23.963156,77.80505,124.364044,43.91557,95.91415,154.1528,38.86504,85.11042,136.3814,28.448463,87.74822,136.164,4,28.7386615
27,Cas13d,Rose_6iv8CDvsHF545617_4_2_4.pdb,Rosetta,6iv8CD,HF545617_4_2,4,23.963156,77.80505,124.364044,45.20864,95.953995,153.5778,58.108917,104.69558,174.65758,53.50918,112.29422,170.2908,4,28.89511264
244,Cas13d,RNAC_6iv8CDvsHF545617_4_2_10.pdb,RNAComposer,6iv8CD,HF545617_4_2,10,23.963156,77.80505,124.364044,45.313515,100.88796,148.12828,43.85284,132.43594,159.64153,61.805252,121.37208,155.9462,8,29.18304683
119,Cas13d,RNAC_6iv8CDvsHF545617_4_1_3.pdb,RNAComposer,6iv8CD,HF545617_4_1,3,23.963156,77.80505,124.364044,45.5556,52.30078,137.4799,23.024908,55.12279,112.538124,38.086166,40.21008,114.011,2,29.33588153
73,Cas13d,RNAC_6iv8CDvsHF545617_4_3_5.pdb,RNAComposer,6iv8CD,HF545617_4_3,5,23.963156,77.80505,124.364044,46.4372,52.254078,137.07283,23.361454,55.35856,112.93175,37.32268,40.069096,113.46516,2,29.72689364
208,Cas13d,RNAC_6iv8CDvsHF545617_4_1_6.pdb,RNAComposer,6iv8CD,HF545617_4_1,6,23.963156,77.80505,124.364044,44.41557,102.344894,148.44092,40.44009,133.98781,159.42343,59.01996,124.037865,156.7412,8,30.10296218
34,Cas13d,Rose_6iv8CDvsHF545617_4_4_10.pdb,Rosetta,6iv8CD,HF545617_4_4,10,23.963156,77.80505,124.364044,59.6563,76.646355,119.915436,66.983116,60.856144,104.89985,62.164925,68.78232,97.098,0,30.41245561
206,Cas13d,RNAC_6iv8CDvsHF545617_4_2_3.pdb,RNAComposer,6iv8CD,HF545617_4_2,3,23.963156,77.80505,124.364044,46.669163,51.51206,136.16281,22.439985,55.69635,113.24077,36.135002,39.25751,113.99177,2,30.41489181
241,Cas13d,RNAC_6iv8CDvsHF545617_4_1_5.pdb,RNAComposer,6iv8CD,HF545617_4_1,5,23.963156,77.80505,124.364044,40.811634,102.2116,152.16002,29.65271,130.04135,167.60895,50.019176,124.41029,165.3964,8,30.81631001
288,Cas13d,RNAC_6iv8CDvsHF545617_4_2_5.pdb,RNAComposer,6iv8CD,HF545617_4_2,5,23.963156,77.80505,124.364044,40.587093,102.13069,152.44064,30.119335,130.07372,167.91919,50.544,124.17883,165.3804,8,30.86233543
227,Cas13d,RNAC_6iv8CDvsHF545617_4_3_3.pdb,RNAComposer,6iv8CD,HF545617_4_3,3,23.963156,77.80505,124.364044,41.595066,102.38662,152.19525,33.29981,131.61063,166.41058,52.690132,124.364784,165.7128,8,31.18247048
76,Cas13d,RNAC_6iv8CDvsHF545617_4_4_5.pdb,RNAComposer,6iv8CD,HF545617_4_4,5,23.963156,77.80505,124.364044,42.648422,104.169304,152.36472,39.124065,118.68148,167.58556,47.12429,137.2811,154.3375,8,32.95926627
298,Cas13d,Rose_6iv8CDvsHF545617_4_4_4.pdb,Rosetta,6iv8CD,HF545617_4_4,4,23.963156,77.80505,124.364044,1.3116488,67.357574,146.25732,7.5570955,53.001762,163.09166,17.341887,60.153797,162.9874,5,35.57476424
131,Cas13d,Rose_6iv8CDvsHF545617_4_4_3.pdb,Rosetta,6iv8CD,HF545617_4_4,3,23.963156,77.80505,124.364044,-1.808971,71.583336,141.67216,-13.876741,85.46058,127.87816,-10.76398,76.99666,119.7799,5,36.13022907
16,Cas13d,Rose_6iv8CDvsHF545617_4_4_7.pdb,Rosetta,6iv8CD,HF545617_4_4,7,23.963156,77.80505,124.364044,-0.10250065,67.79066,145.05075,3.2970855,49.32972,158.32158,14.666386,53.515984,157.9689,5,36.32414993
130,Cas13d,Rose_6iv8CDvsHF545617_4_2_3.pdb,Rosetta,6iv8CD,HF545617_4_2,3,23.963156,77.80505,124.364044,-2.3666348,72.2118,142.2461,-19.516989,82.68857,125.41469,-10.817649,81.4856,120.8496,5,36.6742532
72,Cas13d,Rose_6iv8CDvsHF545617_4_1_10.pdb,Rosetta,6iv8CD,HF545617_4_1,10,23.963156,77.80505,124.364044,-1.3734272,70.989586,145.8396,-14.465238,71.64711,128.92146,-8.517386,78.29219,122.9235,5,36.93505358
29,Cas13d,Rose_6iv8CDvsHF545617_4_4_8.pdb,Rosetta,6iv8CD,HF545617_4_4,8,23.963156,77.80505,124.364044,-3.6292596,72.66139,140.1206,-12.167467,91.414185,129.92694,-14.889331,83.234116,121.40723,5,37.41727648
256,Cas13d,Rose_6iv8CDvsHF545617_4_2_5.pdb,Rosetta,6iv8CD,HF545617_4_2,5,23.963156,77.80505,124.364044,-4.5242248,81.12741,136.39708,-14.370241,95.22469,116.61055,-4.5609493,96.50456,116.935,1,37.52086508
283,Cas13d,Rose_6iv8CDvsHF545617_4_1_5.pdb,Rosetta,6iv8CD,HF545617_4_1,5,23.963156,77.80505,124.364044,-2.5287821,69.16162,143.38791,-3.8329506,54.466045,158.89265,6.1215296,50.556244,157.8284,5,37.73702376
67,Cas13d,Rose_6iv8CDvsHF545617_4_4_5.pdb,Rosetta,6iv8CD,HF545617_4_4,5,23.963156,77.80505,124.364044,-3.9084501,71.10384,139.10281,-16.43358,82.21393,123.34934,-17.514868,70.94734,119.012,5,37.81573728
124,Cas13d,Rose_6iv8CDvsHF545617_4_1_3.pdb,Rosetta,6iv8CD,HF545617_4_1,3,23.963156,77.80505,124.364044,-4.4611425,69.66773,140.91426,3.6653125,60.96104,158.69667,8.899681,52.88006,153.921,5,38.93087383
217,Cas13d,Rose_6iv8CDvsHF545617_4_1_8.pdb,Rosetta,6iv8CD,HF545617_4_1,8,23.963156,77.80505,124.364044,-1.6221402,66.401085,148.05507,-7.782513,78.51012,131.51793,-1.9081572,87.16768,133.977,5,39.09285339
311,Cas13d,RNAC_6iv8CDvsHF545617_4_4_9.pdb,RNAComposer,6iv8CD,HF545617_4_4,9,23.963156,77.80505,124.364044,-4.7908025,85.69653,143.46638,5.0209045,68.54347,135.45387,-12.7549515,63.306244,119.896,1,39.42654737
289,Cas13d,RNAC_6iv8CDvsHF545617_4_2_4.pdb,RNAComposer,6iv8CD,HF545617_4_2,4,23.963156,77.80505,124.364044,-4.4708695,90.699684,128.75285,5.0732293,78.57174,158.61577,-11.231763,71.21921,146.8498,1,39.61226579
77,Cas13d,RNAC_6iv8CDvsHF545617_4_3_1.pdb,RNAComposer,6iv8CD,HF545617_4_3,1,23.963156,77.80505,124.364044,44.547916,85.75339,96.91289,46.562325,52.592083,92.30859,63.012787,65.17153,91.9824,3,39.68341277
270,Cas13d,RNAC_6iv8CDvsHF545617_4_1_1.pdb,RNAComposer,6iv8CD,HF545617_4_1,1,23.963156,77.80505,124.364044,44.562847,86.04664,96.92367,45.89062,52.65703,92.33437,62.601208,65.7647,92.9,3,39.73218977
1,Cas13d,RNAC_6iv8CDvsHF545617_4_2_2.pdb,RNAComposer,6iv8CD,HF545617_4_2,2,23.963156,77.80505,124.364044,44.6022,85.96078,96.512825,45.710304,52.74354,91.47762,62.704536,65.713455,92.63492,3,40.11272421
118,Cas13d,RNAC_6iv8CDvsHF545617_4_4_4.pdb,RNAComposer,6iv8CD,HF545617_4_4,4,23.963156,77.80505,124.364044,42.876255,41.485184,122.405304,32.13853,58.111893,130.33936,31.780525,49.502388,152.9489,2,40.12716756
111,Cas13d,RNAC_6iv8CDvsHF545617_4_3_10.pdb,RNAComposer,6iv8CD,HF545617_4_3,10,23.963156,77.80505,124.364044,-4.532896,92.29368,128.15071,5.6890044,78.455284,156.94193,-10.81117,71.821465,146.3257,1,40.27360589
234,Cas13d,RNAC_6iv8CDvsHF545617_4_4_10.pdb,RNAComposer,6iv8CD,HF545617_4_4,10,23.963156,77.80505,124.364044,-6.7459946,86.17374,131.61958,-12.164778,87.76187,111.05728,-4.7599144,110.69838,108.9281,1,40.39442204
50,Cas13d,RNAC_6iv8CDvsHF545617_4_1_9.pdb,RNAComposer,6iv8CD,HF545617_4_1,9,23.963156,77.80505,124.364044,-4.7971163,91.4253,126.678734,14.076382,113.066055,108.98256,-5.342991,106.306625,103.635,1,40.47715981
291,Cas13d,RNAC_6iv8CDvsHF545617_4_3_4.pdb,RNAComposer,6iv8CD,HF545617_4_3,4,23.963156,77.80505,124.364044,-6.5932198,89.12926,126.46254,1.9382098,59.934196,140.59735,-14.048979,62.07417,127.6049,1,41.54655303
182,Cas13d,RNAC_6iv8CDvsHF545617_4_2_8.pdb,RNAComposer,6iv8CD,HF545617_4_2,8,23.963156,77.80505,124.364044,-6.769128,88.63875,126.4547,2.5044172,60.131824,141.66429,-13.643938,62.110256,127.7477,1,41.59298391
202,Cas13d,RNAC_6iv8CDvsHF545617_4_3_9.pdb,RNAComposer,6iv8CD,HF545617_4_3,9,23.963156,77.80505,124.364044,-2.960755,96.70298,122.177414,18.927368,111.99064,101.87662,12.560119,119.9992,119.8847,1,41.89222463
42,Cas13d,RNAC_6iv8CDvsHF545617_4_4_3.pdb,RNAComposer,6iv8CD,HF545617_4_4,3,23.963156,77.80505,124.364044,-8.708189,78.9075,127.84696,-8.554475,78.3986,106.53,-10.63742,102.378235,104.06225,1,42.02058301
137,Cas13d,RNAC_6iv8CDvsHF545617_4_1_10.pdb,RNAComposer,6iv8CD,HF545617_4_1,10,23.963156,77.80505,124.364044,46.91527,80.67438,94.04571,13.813326,84.98986,89.21596,29.281582,95.73037,79.3782,3,42.54219488
49,Cas13d,RNAC_6iv8CDvsHF545617_4_4_6.pdb,RNAComposer,6iv8CD,HF545617_4_4,6,23.963156,77.80505,124.364044,-1.3676931,102.3675,117.160194,18.592453,109.2278,120.19822,13.201469,121.96214,140.0534,9,45.01802178
8,Cas13d,Rose_6iv8CDvsHF545617_4_2_8.pdb,Rosetta,6iv8CD,HF545617_4_2,8,23.963156,77.80505,124.364044,45.02695,47.10828,103.48905,61.381863,58.38771,86.38714,59.80305,64.5908,93.9364,7,45.54781808
265,Cas13d,RNAC_6iv8CDvsHF545617_4_4_8.pdb,RNAComposer,6iv8CD,HF545617_4_4,8,23.963156,77.80505,124.364044,51.78297,59.597984,94.39962,41.496967,78.27648,94.43411,30.330513,74.31218,73.33813,7,47.91553801
36,Cas13d,Rose_6iv8CDvsHF545617_4_1_7.pdb,Rosetta,6iv8CD,HF545617_4_1,7,23.963156,77.80505,124.364044,4.586576,55.21959,101.807976,-14.066106,56.228752,91.36219,-11.527718,64.469826,84.9474,6,48.84832976
192,Cas13d,Rose_6iv8CDvsHF545617_4_3_8.pdb,Rosetta,6iv8CD,HF545617_4_3,8,23.963156,77.80505,124.364044,7.227261,108.736275,104.39016,-5.3827014,84.643,97.20864,-8.204056,86.80665,87.7299,9,49.53133595
100,Cas13d,RNAC_6iv9vsHF545617_4_4_5.pdb,RNAComposer,6iv9,HF545617_4_4,5,-14.467895,3.1624324,-23.233809,0.6100001,-1.3521693,-49.529545,21.533073,1.5365576,-52.458427,18.874489,13.533893,-73.3019,2,15.34374512
250,Cas13d,RNAC_6iv9vsHF545617_4_2_1.pdb,RNAComposer,6iv9,HF545617_4_2,1,-14.467895,3.1624324,-23.233809,1.3489612,-1.1436241,-48.988743,33.885536,6.508915,-52.564392,20.58956,1.0301111,-68.4251,2,15.40568079
165,Cas13d,RNAC_6iv9vsHF545617_4_1_1.pdb,RNAComposer,6iv9,HF545617_4_1,1,-14.467895,3.1624324,-23.233809,1.537715,-1.1187056,-49.134964,34.04518,7.1525764,-52.6768,21.020906,1.0823828,-68.32677,2,15.63592115
280,Cas13d,Rose_6iv9vsHF545617_4_1_1.pdb,Rosetta,6iv9,HF545617_4_1,1,-14.467895,3.1624324,-23.233809,0.63429105,-5.531081,-48.256516,14.113425,-11.826562,-63.6427,22.042591,-15.107809,-57.17177,2,15.68685488
9,Cas13d,Rose_6iv9vsHF545617_4_2_9.pdb,Rosetta,6iv9,HF545617_4_2,9,-14.467895,3.1624324,-23.233809,0.14455988,-6.9060464,-49.709198,15.387039,-21.16191,-65.57217,20.625225,-18.442081,-57.6269,2,16.9911338
106,Cas13d,RNAC_6iv9vsHF545617_4_3_2.pdb,RNAComposer,6iv9,HF545617_4_3,2,-14.467895,3.1624324,-23.233809,3.3381922,-2.9510534,-48.84841,36.264057,3.050839,-51.037148,24.915478,-4.168044,-66.7873,2,17.07623625
224,Cas13d,RNAC_6iv9vsHF545617_4_1_5.pdb,RNAComposer,6iv9,HF545617_4_1,5,-14.467895,3.1624324,-23.233809,4.3961787,-4.6616163,-47.97027,37.96918,-1.6003141,-46.884396,26.59836,-7.479962,-63.84127,2,17.82559328
239,Cas13d,Rose_6iv9vsHF545617_4_2_8.pdb,Rosetta,6iv9,HF545617_4_2,8,-14.467895,3.1624324,-23.233809,-0.02641602,-10.285235,-49.21011,14.077544,-26.73851,-63.959915,17.374079,-27.108852,-54.63452,8,18.42755283
310,Cas13d,Rose_6iv9vsHF545617_4_4_5.pdb,Rosetta,6iv9,HF545617_4_4,5,-14.467895,3.1624324,-23.233809,-0.30866346,-7.0910068,-55.474213,-11.874651,-12.792741,-36.442696,-18.936264,-3.725706,-40.2936,8,21.25288787
5,Cas13d,Rose_6iv9vsHF545617_4_4_1.pdb,Rosetta,6iv9,HF545617_4_4,1,-14.467895,3.1624324,-23.233809,-1.8818133,-9.0877285,-55.162647,-11.042013,-8.79759,-34.07971,-19.761524,-2.8165748,-40.0048,8,21.26098309
127,Cas13d,RNAC_6iv9vsHF545617_4_2_2.pdb,RNAComposer,6iv9,HF545617_4_2,2,-14.467895,3.1624324,-23.233809,11.309358,0.64748514,-44.521008,-11.542271,13.2242,-65.724884,-9.341885,-7.4605474,-60.66028,2,21.53747808
145,Cas13d,Rose_6iv9vsHF545617_4_2_10.pdb,Rosetta,6iv9,HF545617_4_2,10,-14.467895,3.1624324,-23.233809,3.4434419,-10.029355,-51.757946,19.492535,-16.823273,-71.339874,20.091343,-23.606644,-64.1568,8,21.75373983
193,Cas13d,Rose_6iv9vsHF545617_4_2_5.pdb,Rosetta,6iv9,HF545617_4_2,5,-14.467895,3.1624324,-23.233809,1.4402674,-13.232881,-50.588657,14.930959,-28.490875,-67.09271,15.578279,-32.235806,-57.95344,8,21.84620465
260,Cas13d,RNAC_6iv9vsHF545617_4_4_2.pdb,RNAComposer,6iv9,HF545617_4_4,2,-14.467895,3.1624324,-23.233809,-0.10806954,-11.514993,-53.738937,-5.59854,-1.2360061,-35.88153,15.968817,9.377598,-33.11499,8,22.12801689
90,Cas13d,Rose_6iv9vsHF545617_4_3_10.pdb,Rosetta,6iv9,HF545617_4_3,10,-14.467895,3.1624324,-23.233809,-5.2654386,9.352802,-58.308228,-20.190134,-5.453189,-39.623775,-14.066274,-13.400731,-38.27278,2,22.27762125
169,Cas13d,RNAC_6iv9vsHF545617_4_4_3.pdb,RNAComposer,6iv9,HF545617_4_4,3,-14.467895,3.1624324,-23.233809,-1.8283669,-10.719031,-55.436104,-8.32142,2.1988487,-39.76255,10.440755,17.327099,-41.9013,8,22.31947147
86,Cas13d,Rose_6iv9vsHF545617_4_4_2.pdb,Rosetta,6iv9,HF545617_4_4,2,-14.467895,3.1624324,-23.233809,-0.75289416,-10.8382635,-55.389565,10.766244,-20.81264,-72.60282,14.553969,-9.4051695,-74.16212,8,22.72458421
122,Cas13d,Rose_6iv9vsHF545617_4_3_5.pdb,Rosetta,6iv9,HF545617_4_3,5,-14.467895,3.1624324,-23.233809,2.6535423,-9.220256,-54.70457,-20.764267,-1.0397048,-41.447422,-17.38853,-0.52279025,-31.91738,8,22.94092373
316,Cas13d,Rose_6iv9vsHF545617_4_4_7.pdb,Rosetta,6iv9,HF545617_4_4,7,-14.467895,3.1624324,-23.233809,0.8444327,-10.208538,-55.893547,-12.263207,-10.135946,-37.007946,-16.892817,-0.402595,-42.55212,8,23.43359733
25,Cas13d,Rose_6iv9vsHF545617_4_3_8.pdb,Rosetta,6iv9,HF545617_4_3,8,-14.467895,3.1624324,-23.233809,13.541267,-1.0226347,-44.60879,27.890179,20.922476,-34.430386,31.951647,16.768753,-26.13946,2,23.7882431
296,Cas13d,Rose_6iv9vsHF545617_4_1_3.pdb,Rosetta,6iv9,HF545617_4_1,3,-14.467895,3.1624324,-23.233809,-0.9105128,-14.302944,-54.253735,-4.6050673,2.4648316,-41.476902,-7.744982,-3.1292152,-32.85394,8,23.87959108
194,Cas13d,Rose_6iv9vsHF545617_4_1_9.pdb,Rosetta,6iv9,HF545617_4_1,9,-14.467895,3.1624324,-23.233809,13.570472,-0.006200744,-45.178898,18.13367,19.13723,-36.76644,27.038424,16.173824,-31.52838,2,23.91241068
314,Cas13d,Rose_6iv9vsHF545617_4_3_2.pdb,Rosetta,6iv9,HF545617_4_3,2,-14.467895,3.1624324,-23.233809,7.323312,-6.973038,-54.007782,34.416573,-6.0977345,-61.50835,33.50967,-4.573343,-71.4753,2,24.38860177
231,Cas13d,Rose_6iv9vsHF545617_4_2_3.pdb,Rosetta,6iv9,HF545617_4_2,3,-14.467895,3.1624324,-23.233809,0.95324045,-13.813513,-56.73223,8.026405,-22.300896,-80.50455,8.186045,-29.903452,-74.1688,8,26.01042866
259,Cas13d,RNAC_6iv9vsHF545617_4_2_10.pdb,RNAComposer,6iv9,HF545617_4_2,10,-14.467895,3.1624324,-23.233809,-8.709451,26.018803,-46.129826,-20.02106,29.81053,-14.703038,-6.2582617,42.871758,-24.6202,0,26.22253497
251,Cas13d,Rose_6iv9vsHF545617_4_4_9.pdb,Rosetta,6iv9,HF545617_4_4,9,-14.467895,3.1624324,-23.233809,15.19394,10.625568,-39.309944,15.85198,-10.103832,-49.226673,10.663583,-3.8702521,-58.23381,9,26.23359943
287,Cas13d,Rose_6iv9vsHF545617_4_1_5.pdb,Rosetta,6iv9,HF545617_4_1,5,-14.467895,3.1624324,-23.233809,-0.7678494,-15.685909,-56.91821,-0.42073962,-1.5315144,-40.86857,-7.9734025,-6.219594,-34.82784,8,26.66177446
177,Cas13d,RNAC_6iv9vsHF545617_4_1_4.pdb,RNAComposer,6iv9,HF545617_4_1,4,-14.467895,3.1624324,-23.233809,5.816059,-18.2313,-49.64695,13.537103,-50.96534,-52.20803,25.710882,-34.810875,-58.70677,8,27.11101657
230,Cas13d,Rose_6iv9vsHF545617_4_1_2.pdb,Rosetta,6iv9,HF545617_4_1,2,-14.467895,3.1624324,-23.233809,16.777235,10.896893,-36.971836,21.154129,-4.814795,-50.82988,11.1071205,-8.49341,-51.85077,9,27.79510044
31,Cas13d,RNAC_6iv9vsHF545617_4_3_1.pdb,RNAComposer,6iv9,HF545617_4_3,1,-14.467895,3.1624324,-23.233809,2.4246438,-20.327837,-51.73138,5.2728434,-53.419346,-56.396828,18.617794,-39.616302,-64.1656,8,27.98063153
59,Cas13d,RNAC_6iv9vsHF545617_4_1_2.pdb,RNAComposer,6iv9,HF545617_4_1,2,-14.467895,3.1624324,-23.233809,1.6092626,-20.767483,-51.940163,1.9260129,-54.101627,-57.08041,16.34425,-40.298023,-64.3581,8,28.09648247
104,Cas13d,RNAC_6iv9vsHF545617_4_1_10.pdb,RNAComposer,6iv9,HF545617_4_1,10,-14.467895,3.1624324,-23.233809,19.493954,-1.2159055,-42.39937,45.497017,19.082859,-35.363884,25.144133,22.910294,-30.61924,9,29.13281357
47,Cas13d,Rose_6iv9vsHF545617_4_3_6.pdb,Rosetta,6iv9,HF545617_4_3,6,-14.467895,3.1624324,-23.233809,3.134989,-14.169547,-61.33406,9.930945,-21.251623,-87.69175,17.279915,-27.990568,-85.94073,8,30.4959212
87,Cas13d,RNAC_6iv9vsHF545617_4_1_6.pdb,RNAComposer,6iv9,HF545617_4_1,6,-14.467895,3.1624324,-23.233809,-8.576951,31.793293,-46.39421,-20.339598,26.460865,-15.234974,-15.080823,45.340378,-23.439,0,31.83301795
30,Cas13d,Rose_6iv9vsHF545617_4_3_7.pdb,Rosetta,6iv9,HF545617_4_3,7,-14.467895,3.1624324,-23.233809,4.0625477,-13.642888,-65.247246,13.802023,-12.407993,-91.6042,16.837887,-21.980436,-92.885,8,33.70337254
156,Cas13d,Rose_6iv9vsHF545617_4_4_6.pdb,Rosetta,6iv9,HF545617_4_4,6,-14.467895,3.1624324,-23.233809,-45.14904,-3.291153,-30.53792,-46.11104,-16.857767,-12.004005,-45.10551,-6.1363764,-6.440836,5,36.96454705
20,Cas13d,Rose_6iv9vsHF545617_4_4_3.pdb,Rosetta,6iv9,HF545617_4_4,3,-14.467895,3.1624324,-23.233809,-46.0599,-0.18988366,-35.217903,-52.477936,10.530997,-54.51431,-41.107964,7.7060366,-57.62101,5,36.97528203
139,Cas13d,Rose_6iv9vsHF545617_4_1_8.pdb,Rosetta,6iv9,HF545617_4_1,8,-14.467895,3.1624324,-23.233809,-45.740105,-3.9530647,-34.932716,-51.353634,-4.6616545,-14.291795,-41.667683,-7.204668,-10.38983,5,37.00268109
247,Cas13d,Rose_6iv9vsHF545617_4_2_6.pdb,Rosetta,6iv9,HF545617_4_2,6,-14.467895,3.1624324,-23.233809,-46.33262,-2.2505634,-31.658794,-51.22257,-9.619465,-6.981249,-41.599705,-7.4842916,-7.879825,5,37.80658268
33,Cas13d,Rose_6iv9vsHF545617_4_2_7.pdb,Rosetta,6iv9,HF545617_4_2,7,-14.467895,3.1624324,-23.233809,-42.834343,-10.479071,-24.350462,-49.092728,-5.6241007,-49.33943,-40.45944,-1.2563875,-47.25306,5,38.0877309
179,Cas13d,Rose_6iv9vsHF545617_4_4_8.pdb,Rosetta,6iv9,HF545617_4_4,8,-14.467895,3.1624324,-23.233809,-45.669083,-4.822221,-28.197275,-42.855816,-22.100931,-13.296972,-46.29281,-13.454847,-5.528959,5,38.2125513
22,Cas13d,Rose_6iv9vsHF545617_4_2_4.pdb,Rosetta,6iv9,HF545617_4_2,4,-14.467895,3.1624324,-23.233809,-46.375782,-3.3895597,-29.66969,-51.64215,-17.346327,-8.113767,-43.650528,-11.74178,-6.47399,5,38.34885697
98,Cas13d,Rose_6iv9vsHF545617_4_2_2.pdb,Rosetta,6iv9,HF545617_4_2,2,-14.467895,3.1624324,-23.233809,-42.196564,-11.855332,-23.005322,-38.200504,-22.832983,0.4618251,-29.454466,-21.074026,-3.825145,5,38.47685525
54,Cas13d,Rose_6iv9vsHF545617_4_1_6.pdb,Rosetta,6iv9,HF545617_4_1,6,-14.467895,3.1624324,-23.233809,-47.419037,-2.031603,-32.77884,-60.27441,8.579709,-46.202595,-52.696075,14.765328,-50.6542,5,38.68867504
28,Cas13d,Rose_6iv9vsHF545617_4_4_4.pdb,Rosetta,6iv9,HF545617_4_4,4,-14.467895,3.1624324,-23.233809,-46.30974,-2.7280338,-27.449343,-48.36612,-12.788419,-6.881389,-52.30992,-1.7057602,-3.96071,5,38.75755767
166,Cas13d,RNAC_6iv9vsHF545617_4_2_3.pdb,RNAComposer,6iv9,HF545617_4_2,3,-14.467895,3.1624324,-23.233809,-47.97554,0.8082474,-34.921658,-48.317722,21.053305,-61.754288,-33.845417,5.751183,-57.91303,5,38.88682337
85,Cas13d,RNAC_6iv9vsHF545617_4_4_9.pdb,RNAComposer,6iv9,HF545617_4_4,9,-14.467895,3.1624324,-23.233809,19.167213,26.747696,-28.412407,12.717231,6.4245615,-28.664345,33.733124,-2.3191376,-20.45781,9,39.43783723
196,Cas13d,RNAC_6iv9vsHF545617_4_1_3.pdb,RNAComposer,6iv9,HF545617_4_1,3,-14.467895,3.1624324,-23.233809,-36.190487,-19.124405,-16.109932,-41.10064,-12.013576,-48.714046,-54.946243,-8.38658,-33.0121,1,40.19609408
96,Cas13d,RNAC_6iv9vsHF545617_4_2_9.pdb,RNAComposer,6iv9,HF545617_4_2,9,-14.467895,3.1624324,-23.233809,-17.35138,39.09746,-26.462652,-8.067007,6.829203,-28.053837,-12.67686,19.27938,-44.84969,7,40.54093126
183,Cas13d,RNAC_6iv9vsHF545617_4_3_8.pdb,RNAComposer,6iv9,HF545617_4_3,8,-14.467895,3.1624324,-23.233809,-34.812218,-19.727325,-14.242224,-4.3460555,-26.315681,-1.8595908,-21.603498,-26.540089,9.59012,1,40.6601738
282,Cas13d,Rose_6iv9vsHF545617_4_3_9.pdb,Rosetta,6iv9,HF545617_4_3,9,-14.467895,3.1624324,-23.233809,-3.9454048,-35.122074,-18.375856,23.752485,-39.941063,-19.194515,24.949907,-42.080997,-29.0165,4,41.52549675
65,Cas13d,RNAC_6iv9vsHF545617_4_4_8.pdb,RNAComposer,6iv9,HF545617_4_4,8,-14.467895,3.1624324,-23.233809,-47.176495,-9.671566,-23.38869,-51.710373,-25.243025,-9.5443125,-30.14855,-24.365177,1.399427,5,42.07917334
257,Cas13d,RNAC_6iv9vsHF545617_4_4_10.pdb,RNAComposer,6iv9,HF545617_4_4,10,-14.467895,3.1624324,-23.233809,-46.89026,-6.414901,-20.463905,-36.793427,-3.922927,-39.079605,-52.17633,12.831048,-47.3331,5,42.231523
123,Cas13d,RNAC_6iv9vsHF545617_4_3_9.pdb,RNAComposer,6iv9,HF545617_4_3,9,-14.467895,3.1624324,-23.233809,-29.99855,-22.201643,-9.48765,1.1637502,-24.150618,2.7610705,-6.666514,-37.789246,-10.71641,1,42.28021743
154,Cas13d,RNAC_6iv9vsHF545617_4_4_1.pdb,RNAComposer,6iv9,HF545617_4_4,1,-14.467895,3.1624324,-23.233809,-11.812621,42.959267,-30.973259,-16.774076,22.535366,-34.571053,-26.792187,26.81243,-56.1764,7,42.5299661
174,Cas13d,RNAC_6iv9vsHF545617_4_2_7.pdb,RNAComposer,6iv9,HF545617_4_2,7,-14.467895,3.1624324,-23.233809,-17.147924,-25.591415,-4.85356,9.551928,-7.448335,4.522838,9.091176,-28.757488,2.507041,1,43.28559318
147,Cas13d,Rose_6iv9vsHF545617_4_4_10.pdb,Rosetta,6iv9,HF545617_4_4,10,-14.467895,3.1624324,-23.233809,-47.109776,-8.261174,-19.181213,-63.711155,6.2570353,-25.669455,-58.34583,4.60779,-36.4121,5,43.33421805
88,Cas13d,RNAC_6iv9vsHF545617_4_3_3.pdb,RNAComposer,6iv9,HF545617_4_3,3,-14.467895,3.1624324,-23.233809,-29.357702,-26.017218,-10.090611,0.8200804,-17.4796,1.7978772,-2.242608,-33.244328,-11.28136,1,43.81437829
129,Cas13d,RNAC_6iv9vsHF545617_4_1_8.pdb,RNAComposer,6iv9,HF545617_4_1,8,-14.467895,3.1624324,-23.233809,-27.257477,-23.424427,-6.092466,5.4182057,-18.15639,0.4067969,-2.5744865,-34.59268,-10.42669,1,44.09944978
146,Cas13d,RNAC_6iv9vsHF545617_4_2_8.pdb,RNAComposer,6iv9,HF545617_4_2,8,-14.467895,3.1624324,-23.233809,-27.378784,-25.43079,-6.5222,-39.71378,0.7172868,10.627053,-50.87863,-16.470816,4.44018,1,44.99254623
53,Cas13d,RNAC_6iv9vsHF545617_4_2_4.pdb,RNAComposer,6iv9,HF545617_4_2,4,-14.467895,3.1624324,-23.233809,1.3743058,-19.704086,0.5589595,-17.123438,-36.778362,-21.718246,4.2237663,-35.16303,-21.92641,4,45.06939087
173,Cas13d,RNAC_6iv9vsHF545617_4_4_7.pdb,RNAComposer,6iv9,HF545617_4_4,7,-14.467895,3.1624324,-23.233809,-22.796904,-28.230368,-6.1238146,-1.6585512,-25.504225,-6.7859235,3.2377565,-49.14801,-8.35161,1,45.3920232
237,Cas13d,RNAC_6iv9vsHF545617_4_1_7.pdb,RNAComposer,6iv9,HF545617_4_1,7,-14.467895,3.1624324,-23.233809,-25.011345,-23.240454,-2.787407,7.7363973,-15.160954,-2.864673,-0.5644521,-33.34153,-10.07322,1,45.6242642
281,Cas13d,RNAC_6iv9vsHF545617_4_3_6.pdb,RNAComposer,6iv9,HF545617_4_3,6,-14.467895,3.1624324,-23.233809,-16.504868,-35.430897,-11.597244,5.098951,-58.244343,-23.3337,6.5401897,-37.996433,-27.44714,1,45.65367032
181,Cas13d,RNAC_6iv9vsHF545617_4_3_10.pdb,RNAComposer,6iv9,HF545617_4_3,10,-14.467895,3.1624324,-23.233809,-25.35784,-23.180895,-2.5690773,7.3154078,-15.626408,-3.123634,-0.35716835,-33.582756,-10.02793,1,45.88213218
95,Cas13d,RNAC_6iv9vsHF545617_4_4_6.pdb,RNAComposer,6iv9,HF545617_4_4,6,-14.467895,3.1624324,-23.233809,-23.869703,-26.338682,-3.8217292,-4.642107,-26.587662,-13.037587,-8.890989,-46.759182,-25.70656,1,46.21061487
82,Cas13d,RNAC_6iv9vsHF545617_4_4_4.pdb,RNAComposer,6iv9,HF545617_4_4,4,-14.467895,3.1624324,-23.233809,-3.3319645,-29.153366,-1.8760965,-23.490955,-22.20406,-1.7317461,-27.305746,-27.984587,21.45197,4,47.47902367
159,Cas13d,Rose_6iv9vsHF545617_4_1_10.pdb,Rosetta,6iv9,HF545617_4_1,10,-14.467895,3.1624324,-23.233809,-33.31877,22.949566,-3.260633,-49.441273,14.005788,7.6081934,-43.63766,10.6007,15.98872,6,47.59709108
207,Cas13d,RNAC_6iv9vsHF545617_4_3_4.pdb,RNAComposer,6iv9,HF545617_4_3,4,-14.467895,3.1624324,-23.233809,-5.6382213,-28.742916,-0.69613516,-36.13109,-14.790943,-0.023015302,-30.678839,-30.864014,11.84717,4,47.9002239
178,Cas13d,Rose_6iv9vsHF545617_4_1_4.pdb,Rosetta,6iv9,HF545617_4_1,4,-14.467895,3.1624324,-23.233809,-34.635418,17.995615,-1.0130488,-50.366993,6.1516085,7.3711915,-44.13074,-1.5540905,11.52327,6,47.95726238
155,Cas13d,RNAC_6iv9vsHF545617_4_3_5.pdb,RNAComposer,6iv9,HF545617_4_3,5,-14.467895,3.1624324,-23.233809,8.62068,39.55758,-14.805697,41.73725,34.566494,-12.987265,28.281334,26.942669,0.7888661,3,48.3249432
103,Cas13d,RNAC_6iv9vsHF545617_4_3_7.pdb,RNAComposer,6iv9,HF545617_4_3,7,-14.467895,3.1624324,-23.233809,5.1063356,41.97233,-15.809334,-9.5671015,52.663857,-44.010464,-17.052164,56.524284,-25.08863,3,48.66577485
163,Cas13d,Rose_6iv9vsHF545617_4_1_7.pdb,Rosetta,6iv9,HF545617_4_1,7,-14.467895,3.1624324,-23.233809,11.919102,33.177357,-4.7664056,4.3872633,46.582237,-19.653893,-1.6753081,52.55368,-13.08889,3,50.7953217
276,Cas13d,Rose_6iv9vsHF545617_4_3_1.pdb,Rosetta,6iv9,HF545617_4_3,1,-14.467895,3.1624324,-23.233809,17.350965,-27.779665,-5.3860645,-5.457509,-11.6835575,-8.814882,-12.124295,-16.710495,-3.090011,4,51.017562
267,Cas13d,RNAC_6iv9vsHF545617_4_2_6.pdb,RNAComposer,6iv9,HF545617_4_2,6,-14.467895,3.1624324,-23.233809,-15.577641,49.967106,-24.452164,-6.520511,82.281334,-22.520924,-14.50714,70.62866,-6.434,7,51.11337109
24,Cas13d,RNAC_6iv9vsHF545617_4_2_5.pdb,RNAComposer,6iv9,HF545617_4_2,5,-14.467895,3.1624324,-23.233809,-8.421322,47.295216,-15.849846,-18.466694,17.001139,-26.401167,-29.501917,29.912825,-13.36804,7,51.24153577
172,Cas13d,Rose_6iv9vsHF545617_4_2_1.pdb,Rosetta,6iv9,HF545617_4_2,1,-14.467895,3.1624324,-23.233809,11.509601,-20.964943,4.2528663,-8.439841,-11.323459,-9.756196,-12.039179,-16.403723,-2.062119,4,51.97200406
213,Cas13d,Rose_6iv9vsHF545617_4_3_3.pdb,Rosetta,6iv9,HF545617_4_3,3,-14.467895,3.1624324,-23.233809,-3.1535497,23.354715,9.834691,-17.333685,47.07231,15.076101,-13.547542,53.09899,7.876891,3,53.10535291
133,Cas13d,Rose_6iv9vsHF545617_4_3_4.pdb,Rosetta,6iv9,HF545617_4_3,4,-14.467895,3.1624324,-23.233809,-33.206505,35.328644,-2.1612809,-45.42576,48.2992,19.59932,-45.451366,57.854794,16.25649,6,55.06368903
14,Cas13d,RNAC_6iv9vsHF545617_4_1_9.pdb,RNAComposer,6iv9,HF545617_4_1,9,-14.467895,3.1624324,-23.233809,-24.85378,20.477339,18.017088,-26.340878,46.15714,39.835167,-8.63542,38.360188,31.05299,6,61.3029392
